{
    "occupation_list": [
        40.86,
        40.86,
        40.86,
        40.86,
        40.86,
        40.86,
        40.86,
        40.86,
        40.86,
        40.86,
        40.86,
        40.86,
        40.86,
        40.86,
        40.86,
        40.86,
        40.86,
        40.86,
        40.86,
        40.86
    ],
    "water consumption": [],
    "electricity consumption": [],
    "gaz consumption": [],
    "temp_ext": [
        17.0,
        17.0,
        17.0,
        17.0,
        17.0,
        17.0,
        17.0,
        17.0,
        17.0,
        17.0,
        17.0,
        17.0,
        17.0,
        17.0,
        17.0,
        17.0,
        17.0,
        17.0,
        18.0,
        18.0
    ],
    "dj": [
        -20.0,
        -13.333333333333334,
        -10.0,
        -8.0,
        -6.666666666666667,
        -5.714285714285714,
        -5.0,
        -4.444444444444445,
        -4.0,
        -41.0
    ],
    "commandes": [
        [
            1,
            1,
            0,
            1,
            1,
            0,
            1,
            0,
            1,
            0,
            0,
            1
        ],
        [
            1,
            1,
            0,
            1,
            1,
            0,
            1,
            0,
            1,
            0,
            0,
            1
        ],
        [
            1,
            1,
            0,
            1,
            1,
            0,
            1,
            0,
            1,
            0,
            0,
            1
        ],
        [
            1,
            1,
            0,
            1,
            1,
            0,
            1,
            0,
            1,
            0,
            0,
            1
        ],
        [
            1,
            1,
            0,
            1,
            1,
            0,
            1,
            0,
            1,
            0,
            0,
            1
        ],
        [
            1,
            1,
            0,
            1,
            1,
            0,
            1,
            0,
            1,
            0,
            0,
            1
        ],
        [
            1,
            1,
            0,
            1,
            1,
            0,
            1,
            0,
            1,
            0,
            0,
            1
        ],
        [
            1,
            1,
            0,
            1,
            1,
            0,
            1,
            0,
            1,
            0,
            0,
            1
        ],
        [
            1,
            1,
            0,
            1,
            1,
            0,
            1,
            0,
            1,
            0,
            0,
            1
        ],
        [
            1,
            1,
            0,
            1,
            1,
            0,
            1,
            0,
            1,
            0,
            0,
            1
        ],
        [
            1,
            1,
            0,
            1,
            1,
            0,
            1,
            0,
            1,
            0,
            0,
            1
        ],
        [
            1,
            1,
            0,
            1,
            1,
            0,
            1,
            0,
            1,
            0,
            0,
            1
        ],
        [
            1,
            1,
            0,
            1,
            1,
            0,
            1,
            0,
            1,
            0,
            0,
            1
        ],
        [
            1,
            1,
            0,
            1,
            1,
            0,
            1,
            0,
            1,
            0,
            0,
            1
        ],
        [
            1,
            1,
            0,
            1,
            1,
            0,
            1,
            0,
            1,
            0,
            0,
            1
        ],
        [
            1,
            1,
            0,
            1,
            1,
            0,
            1,
            0,
            1,
            0,
            0,
            1
        ],
        [
            1,
            1,
            0,
            1,
            1,
            0,
            1,
            0,
            1,
            0,
            0,
            1
        ],
        [
            1,
            1,
            0,
            1,
            1,
            0,
            1,
            0,
            1,
            0,
            0,
            1
        ],
        [
            1,
            1,
            0,
            1,
            1,
            0,
            1,
            0,
            1,
            0,
            0,
            1
        ],
        [
            1,
            1,
            0,
            1,
            1,
            0,
            1,
            0,
            1,
            0,
            0,
            1
        ]
    ]
}