{
    "occupation_list": [
        63.18,
        63.18,
        63.18,
        63.18,
        63.18,
        63.18,
        63.18,
        63.18,
        63.18,
        63.18,
        63.18,
        63.18,
        63.18,
        63.18,
        63.18,
        63.18,
        63.18,
        63.18,
        63.18,
        63.18,
        63.18,
        63.18,
        63.18,
        63.18,
        63.18,
        63.18,
        63.18,
        63.18,
        63.18,
        63.18,
        63.18,
        63.18,
        63.18,
        63.18,
        63.18,
        63.18,
        63.18,
        63.18,
        63.18,
        62.95,
        62.95
    ],
    "water consumption": [
        1.1799999475479126,
        1.1799999475479126,
        1.1799999475479126,
        1.1799999475479126,
        1.1799999475479126,
        1.1799999475479126,
        1.1799999475479126,
        1.1799999475479126,
        1.1799999475479126,
        1.1799999475479126,
        1.1799999475479126,
        1.1799999475479126,
        1.1799999475479126,
        1.1799999475479126,
        1.1799999475479126,
        1.1799999475479126,
        1.1799999475479126,
        1.1799999475479126,
        1.1799999475479126,
        1.1799999475479126,
        1.1799999475479126,
        1.1799999475479126,
        1.1799999475479126,
        1.1799999475479126,
        1.1799999475479126,
        1.1799999475479126,
        1.1799999475479126,
        1.1799999475479126,
        1.1799999475479126,
        1.1799999475479126,
        1.1799999475479126,
        1.1799999475479126,
        1.1799999475479126,
        1.1799999475479126,
        1.1799999475479126,
        1.1799999475479126,
        1.1799999475479126,
        1.1799999475479126,
        1.1799999475479126,
        1.1799999475479126,
        1.1799999475479126
    ],
    "electricity consumption": [],
    "gaz consumption": [
        40.86,
        40.86,
        40.86,
        40.86,
        40.86,
        40.86,
        40.86,
        40.86,
        40.86,
        40.86,
        40.86,
        40.86,
        40.86,
        40.86,
        40.86,
        111.16200256347656,
        111.16200256347656,
        111.16200256347656,
        111.16200256347656,
        111.16200256347656,
        111.16200256347656,
        111.16200256347656,
        111.16200256347656,
        111.16200256347656,
        111.16200256347656,
        111.16200256347656,
        111.16200256347656,
        111.16200256347656,
        111.16200256347656,
        111.16200256347656,
        111.16200256347656,
        111.16200256347656,
        111.16200256347656,
        111.16200256347656,
        111.16200256347656,
        111.16200256347656,
        111.16200256347656,
        111.16200256347656,
        111.16200256347656,
        111.16200256347656,
        111.16200256347656
    ],
    "temp_ext": [
        17.0,
        17.0,
        17.0,
        17.0,
        17.0,
        17.0,
        17.0,
        17.0,
        17.0,
        17.0,
        17.0,
        17.0,
        17.0,
        17.0,
        21.0,
        21.0,
        21.0,
        21.0,
        21.0,
        21.0
    ],
    "dj": [
        -13.333333333333334,
        -10.0,
        -8.0,
        -6.666666666666667,
        -5.714285714285714,
        -5.0,
        -4.444444444444445,
        -4.0,
        -42.0,
        -48.0
    ],
    "commandes": [
        [
            0,
            0,
            0,
            1,
            0,
            1,
            0,
            1,
            0,
            0,
            0,
            1
        ],
        [
            0,
            0,
            0,
            1,
            0,
            1,
            0,
            1,
            0,
            0,
            0,
            1
        ],
        [
            0,
            0,
            0,
            1,
            0,
            1,
            0,
            1,
            0,
            0,
            0,
            1
        ],
        [
            0,
            0,
            0,
            1,
            0,
            1,
            0,
            1,
            0,
            0,
            0,
            1
        ],
        [
            0,
            0,
            0,
            1,
            0,
            1,
            0,
            1,
            0,
            0,
            0,
            1
        ],
        [
            0,
            0,
            0,
            1,
            0,
            1,
            0,
            1,
            0,
            0,
            0,
            1
        ],
        [
            0,
            0,
            0,
            1,
            0,
            1,
            0,
            1,
            0,
            0,
            0,
            1
        ],
        [
            0,
            0,
            0,
            1,
            0,
            1,
            0,
            1,
            0,
            0,
            0,
            1
        ],
        [
            0,
            0,
            0,
            1,
            0,
            1,
            0,
            1,
            0,
            0,
            0,
            1
        ],
        [
            0,
            0,
            0,
            1,
            0,
            1,
            0,
            1,
            0,
            0,
            0,
            1
        ],
        [
            0,
            0,
            0,
            1,
            0,
            1,
            0,
            1,
            0,
            0,
            0,
            1
        ],
        [
            0,
            0,
            0,
            1,
            0,
            1,
            0,
            1,
            0,
            0,
            0,
            1
        ],
        [
            0,
            0,
            0,
            1,
            0,
            1,
            0,
            1,
            0,
            0,
            0,
            1
        ],
        [
            0,
            0,
            0,
            1,
            0,
            1,
            0,
            1,
            0,
            0,
            0,
            1
        ],
        [
            0,
            0,
            0,
            1,
            0,
            1,
            0,
            1,
            0,
            0,
            0,
            1
        ],
        [
            0,
            0,
            0,
            1,
            0,
            1,
            0,
            1,
            0,
            0,
            0,
            1
        ],
        [
            0,
            0,
            0,
            1,
            0,
            1,
            0,
            1,
            0,
            0,
            0,
            1
        ],
        [
            0,
            0,
            0,
            1,
            0,
            1,
            0,
            1,
            0,
            0,
            0,
            1
        ],
        [
            0,
            0,
            0,
            1,
            0,
            1,
            0,
            1,
            0,
            0,
            0,
            1
        ],
        [
            0,
            0,
            0,
            1,
            0,
            1,
            0,
            1,
            0,
            0,
            0,
            1
        ]
    ],
    "time": 16
}